name,difficulty,prep_time
Beef Carrot Stew,Very easy,45 min
"Best Carrot Cake"" With Cream Cheese Icing",Very hard,45 min
Carrot Cake Muffin Cookies,Hard,45 min
Carrot Cake Snack Bites,Very hard,45 min
Carrot Quinoa Muffins,Very easy,45 min
Carrot Raisin Chocolate Chip Cookies,Very easy,45 min
Classic Carrot Cake With Cream Cheese Frosting,Hard,45 min
Coconut Carrot-Ginger Soup,Moderate,45 min
Roasted Butterflied Chicken w. Onions & Carrots,Moderate,45 min
Rum Raisin Carrot Cake with Cream Cheese Frosting,Very easy,45 min
